text,label
"I absolutely love this product, best purchase ever!",positive
"This is amazing, exceeded all my expectations",positive
Best customer service I have ever experienced,positive
"So happy with how this turned out, highly recommend",positive
"What a fantastic update, works flawlessly now",positive
"Great job team, this app just keeps getting better",positive
"I'm so grateful for the quick delivery, thank you",positive
"This movie was absolutely brilliant, loved every second",positive
Wonderful experience from start to finish,positive
"The new feature is a game changer, love it",positive
Super impressed with the quality of this,positive
"This made my day, thank you so much",positive
Excellent service and friendly staff,positive
"I can't stop smiling, this is perfect",positive
"Such a great deal, totally worth the price",positive
The food was delicious and the staff were kind,positive
"Really enjoyed the concert last night, incredible energy",positive
"This app is so easy to use, love the design",positive
"Thank you for fixing the bug so fast, great support",positive
Beautiful design and very intuitive interface,positive
"I'm thrilled with the results, five stars",positive
Had an amazing time at the event today,positive
The new phone camera is outstanding,positive
"Customer support resolved my issue in minutes, awesome",positive
"This is exactly what I needed, perfect timing",positive
"Loving the new update, so much smoother now",positive
"Great value for money, will buy again",positive
The team did an incredible job on this project,positive
"So proud of this community, amazing support",positive
"This tutorial was super helpful, thanks a lot",positive
"Absolutely delicious meal, will order again",positive
The staff went above and beyond to help me,positive
"Really happy with my purchase, no regrets",positive
This is the best update we've had in years,positive
"Such an inspiring speech, well done",positive
"I appreciate the quick response, very professional",positive
Fantastic performance by the whole cast,positive
"This gadget works perfectly, very satisfied",positive
Loved the ambience and the service was top notch,positive
Everything arrived on time and in perfect condition,positive
"I hate this, worst experience of my life",negative
"This is terrible, completely disappointed",negative
"Awful customer service, never buying again",negative
"Such a waste of money, does not work at all",negative
"The app keeps crashing, so frustrating",negative
"Worst update ever, everything is broken now",negative
"I'm so angry, this ruined my whole day",negative
"Terrible quality, fell apart after one use",negative
This movie was boring and way too long,negative
"Horrible experience, would not recommend to anyone",negative
The delivery was late and the package was damaged,negative
Extremely disappointed with the customer support,negative
"This is a scam, do not buy this product",negative
"So slow and buggy, unusable at this point",negative
"The food was cold and tasteless, never again",negative
"Rude staff and long waiting times, awful",negative
"This update broke everything, please fix it",negative
"I regret buying this, total waste",negative
"Nothing works as advertised, very misleading",negative
Such a disappointing performance from the team,negative
The service was painfully slow and unhelpful,negative
This is the worst app I have ever used,negative
I'm furious about the hidden charges,negative
"Completely unacceptable, demanding a refund",negative
"The concert was a disaster, poor organization",negative
"My order never arrived, terrible service",negative
This design is confusing and hard to navigate,negative
"Very poor quality control, item was defective",negative
I feel cheated by this company,negative
The customer support ignored my complaints for weeks,negative
This is so overpriced for what you get,negative
Disgusted by how this situation was handled,negative
"The battery life is terrible, dies within hours",negative
Such a letdown after all the hype,negative
"This place has gone downhill, used to be great",negative
Absolutely unacceptable wait times at checkout,negative
The new policy is unfair to loyal customers,negative
This software is riddled with bugs,negative
"I want a refund, this product is faulty",negative
The meeting is scheduled for 3 PM tomorrow,neutral
The package should arrive within five business days,neutral
Here is the report you requested for this week,neutral
The store opens at 9 AM on weekdays,neutral
This article discusses recent trends in technology,neutral
The weather forecast shows mild temperatures this week,neutral
Please find attached the invoice for last month,neutral
The conference will be held in the main hall,neutral
Our office will be closed on public holidays,neutral
The update includes minor changes to the settings menu,neutral
This product comes in three different sizes,neutral
The train departs from platform two,neutral
The company reported quarterly earnings today,neutral
This chapter covers the basics of data structures,neutral
The survey results will be published next month,neutral
Registration closes at the end of this week,neutral
The museum is open from 10 AM to 6 PM,neutral
This recipe requires four main ingredients,neutral
The flight is scheduled to depart at noon,neutral
The document outlines the new guidelines,neutral
I'm not sure how I feel about this update yet,neutral
"It's an average experience, nothing special",neutral
"The product works as described, nothing more nothing less",neutral
"This is okay, could be better could be worse",neutral
"The event was fine, though a bit crowded",neutral
"Not bad, but I expected a little more",neutral
"It does the job, no complaints so far",neutral
"The service was standard, nothing memorable",neutral
This is a fairly typical result for this category,neutral
The app functions normally without any major issues,neutral
I just switched carriers and the signal is decent,neutral
They released a new version of the app today,neutral
The city council will vote on the proposal next week,neutral
This laptop has a 15 inch screen and 8GB RAM,neutral
The class starts at 10 and ends at noon,neutral
Here are the instructions for setting up your account,neutral
The results are still pending review,neutral
This is the second update this month,neutral
The shipment is currently in transit,neutral
The form must be submitted before Friday,neutral
"I can't believe how good this new feature is, love it!",positive
"Such garbage, I want my money back immediately",negative
The bridge repairs are scheduled to finish by March,neutral
"You guys rock, thank you for such amazing support",positive
"This is infuriating, I've been on hold for an hour",negative
"Just another Monday, nothing much happening",neutral
"Best decision I made all year, so glad I tried this",positive
"Never again, this was a complete disaster",negative
The dashboard shows real time analytics for all users,neutral
I'm blown away by the attention to detail here,positive
"This is unacceptable, third time it has failed",negative
The report is due by end of business today,neutral
"Worst customer service I have ever experienced, absolutely disgraceful",negative
"This is the worst app I've ever downloaded, total garbage",negative
"Worst decision ever, I regret every part of this purchase",negative
The worst part is nobody even apologized for the mistake,negative
Easily the worst meal I've had at any restaurant,negative
This has been the worst week for customer support response times,negative
I've never dealt with worse service in my entire life,negative
By far the worst experience I've had with any airline,negative
"The support team was rude and unhelpful, worst interaction ever",negative
This is hands down the worst product I have ever used,negative
"Excellent service, the staff were kind and attentive throughout",positive
The customer service team was fantastic and solved my issue instantly,positive
"Great service, quick response and very professional",positive
Really appreciated the friendly service at the front desk,positive
"Top notch service, will definitely be back again",positive
The service here is consistently excellent every time I visit,positive
"Service was quick, friendly, and exactly what I needed",positive
"Amazing service, they really went out of their way to help",positive
"I had a decent experience overall, nothing to complain about",neutral
"The service was average, neither great nor bad",neutral
"It was an okay experience, could improve in some areas",neutral
"Service was fine, just took a little longer than expected",neutral
"This app crashed twice today, extremely frustrating experience",negative
"Terrible support, they never responded to my emails",negative
I am extremely unhappy with the quality of this item,negative
"Such poor communication from the team, very unprofessional",negative
"Disappointed again, this keeps happening every single time",negative
The staff were dismissive and unhelpful when I asked for help,negative
This experience left me feeling completely ignored and frustrated,negative
"Absolutely wonderful, could not have asked for a better outcome",positive
"So pleased with the results, exceeded every expectation I had",positive
The team handled everything professionally and with great care,positive
I'm impressed by how smoothly everything was handled,positive
Genuinely one of the best experiences I've had with a brand,positive
"They handled my complaint quickly and fairly, much appreciated",positive
The onboarding process was simple and well explained,neutral
This section explains how refunds are processed,neutral
"Support hours are Monday to Friday, 9 to 5",neutral
The new pricing tiers take effect starting next quarter,neutral
This release focuses mainly on backend performance improvements,neutral
"This tool saved me hours of manual work, truly indispensable!",positive
"Exceptional performance and battery life, totally blown away.",positive
"Not bad at all, in fact it is one of the best tools I have used.",positive
"Never had such a smooth checkout process before, 10/10.",positive
The sound quality on these headphones is crisp and immersive.,positive
"Super easy setup, had it up and running in under two minutes.",positive
Customer service replied within 5 minutes and resolved everything effortlessly.,positive
A masterpiece of storytelling with unforgettable characters.,positive
"I cannot recommend this enough, worth every single penny.",positive
"The user interface is sleek, clean, and extremely intuitive.",positive
"Fantastic build quality, sturdy and premium feel.",positive
"Very pleasant experience, courteous staff and lovely atmosphere.",positive
The speed improvements in this latest release are noticeable and welcome.,positive
"I was skeptical at first, but it completely exceeded my expectations.",positive
"Super fast shipping, arrived two days earlier than expected!",positive
The recipes turned out delicious and easy to follow.,positive
"Remarkable attention to detail, couldn't be happier with my purchase.",positive
Hands down the best framework I've worked with in years.,positive
"Brilliant design, fits perfectly and looks stylish.",positive
"Extremely reliable service, never had any downtime.",positive
The team went above and beyond to make sure our requirements were met.,positive
Top tier quality and excellent documentation.,positive
This made our workflow seamless and enjoyable.,positive
"Very impressive results on our benchmark tests, truly outstanding.",positive
A breath of fresh air compared to legacy alternatives.,positive
Highly responsive support team and frequent meaningful updates.,positive
Love the minimalist aesthetic and smooth transitions.,positive
"Great value for money, outperforms products twice its price.",positive
"Simply flawless execution, everything works as intended.",positive
I am so impressed by how quickly the team addressed our feedback.,positive
Wonderful graphics and an engaging storyline.,positive
The battery easily lasts two full days on a single charge.,positive
"Clean code, well-tested components, and clear instructions.",positive
One of the finest purchases I have made this year.,positive
"Incredibly intuitive controls, no steep learning curve.",positive
Solid construction and very comfortable to wear all day.,positive
"Delighted with the outcome, will definitely order again.",positive
"Huge upgrade over the previous model, well worth it.",positive
"The customer support agent was polite, patient, and knowledgeable.",positive
Such an elegant solution to a complicated problem.,positive
"Smooth onboarding flow, makes getting started effortless.",positive
High quality materials and great craftsmanship.,positive
Exceeded all our team's performance metrics.,positive
"Superb service from start to finish, thank you guys!",positive
The screen colors are vibrant and viewing angles are amazing.,positive
A genuinely delightful user experience that keeps getting better.,positive
Very pleased with the fast turnaround and friendly communication.,positive
Strongly recommend this to anyone looking for a reliable solution.,positive
The camera captures stunning details even in low light.,positive
Everything ran smoothly without any hiccups or lag.,positive
"Outstanding value, wonderful customer service and fast delivery.",positive
I love how lightweight and responsive this app feels.,positive
A must-have utility for anyone working in this field.,positive
The keyboard tactile feedback is satisfying and quiet.,positive
Phenomenal product that does exactly what it promises.,positive
Great battery efficiency and zero heating issues.,positive
The UI refresh is gorgeous and makes navigation so much faster.,positive
Warm and inviting atmosphere with delicious food.,positive
"I couldn't ask for a better experience, truly top notch.",positive
"Very well engineered, robust and dependable.",positive
"Super helpful tutorial, finally understand how this works!",positive
Best software purchase I have made in a long time.,positive
"Clear sound, powerful bass, and comfortable fit.",positive
The team is always so helpful and prompt in answering questions.,positive
Remarkably fast indexing and instant search results.,positive
"Crisp display, long battery life, and lightweight design.",positive
I am genuinely impressed by how stable this version is.,positive
"A perfect 5-star experience, highly praised by all our users.",positive
"Quick delivery, well packaged, and works like a charm.",positive
"Wonderful initiative, keep up the fantastic work!",positive
"Worst purchase I have ever made, broke down after two days.",negative
The application crashes every single time I try to upload a file.,negative
"Horrible customer support, took three weeks to reply and offered no help.",negative
"Not good at all, completely failed to deliver what was promised.",negative
Extremely disappointed with the lack of basic features and poor stability.,negative
"The latest update ruined the entire layout, everything is slow now.",negative
"Terrible battery drain, drops from 100% to 0% in under two hours.",negative
"Do not waste your money on this, total scam and false advertising.",negative
"The package arrived damaged, opened, and missing essential parts.",negative
"Constant freezing, lag spikes, and unhandled errors throughout.",negative
Rude and unhelpful staff who refused to honor the warranty.,negative
"The food was cold, stale, and arrived an hour past estimated delivery.",negative
"Unusable interface, clunky buttons, and confusing navigation.",negative
"Frequent disconnection issues, unable to maintain a stable link.",negative
Overpriced junk that broke within the first week of normal use.,negative
The noise cancellation is awful and emits a high-pitched buzzing sound.,negative
"Very misleading description, the actual product looks nothing like the photos.",negative
"Disastrous release, completely broke our production pipeline.",negative
Support tickets are closed automatically without any resolution.,negative
Painfully slow rendering and excessive memory consumption.,negative
"I deeply regret upgrading, wish I could roll back immediately.",negative
"Poor build quality, cheap plastic feel and flimsy hinges.",negative
"Subscribed by mistake and was refused a refund, terrible business practice.",negative
Buggy software that loses user data without warning.,negative
The microphone quality is muffled and barely audible on calls.,negative
Frustrating setup process with broken links in the official guide.,negative
Terrible performance drop after installing the recent patch.,negative
The screen flickers constantly and causes eye strain.,negative
"App crashes upon login, completely locked out of my account.",negative
"Cheap materials that tore after a single wash, complete waste.",negative
Lacks basic functionality that competitor products offer for free.,negative
"Horrendous customer care, they ignored all my emails.",negative
Unresponsive touch controls and severe latency.,negative
"The movie was utterly boring, weak plot and dreadful acting.",negative
Constant billing errors and unauthorized recurring charges.,negative
The motor is excessively loud and overheats within minutes.,negative
Inaccurate tracking and lost shipments with no accountability.,negative
The documentation is completely outdated and full of dead links.,negative
Abysmal battery life and takes four hours to fully recharge.,negative
"Extremely fragile, glass cracked from a minor tap.",negative
The software is riddled with security vulnerabilities and glitches.,negative
"Awful taste, tasted like chemicals and gave me a headache.",negative
Cannot connect to server error persists on every startup.,negative
Very poor sound isolation and uncomfortable ear pads.,negative
The company refuses to acknowledge known hardware defects.,negative
Unbearably laggy when opening menus or switching tabs.,negative
Broken promises and missing roadmap features for months.,negative
"The strap broke on day one, terrible durability.",negative
High latency and choppy audio during voice calls.,negative
Completely ruined my weekend trying to get this to work.,negative
The keyboard keys stick and register double clicks randomly.,negative
"Nothing works as described, very frustrated with this service.",negative
Rude support agents who hung up the phone during the call.,negative
Terrible signal reception and dropped calls everywhere.,negative
"Disappointing quality control, received a scratched and defective unit.",negative
The software crashes and loses all unsaved progress.,negative
"False marketing, half the advertised features are behind an expensive paywall.",negative
"Awful experience, will never do business with this company again.",negative
Overheats to the point where it shuts down automatically.,negative
Slow customer service and zero accountability for delivery delays.,negative
The zipper broke immediately upon unzipping the jacket.,negative
Glitchy interface with visual artifacts and overlapping text.,negative
Terrible camera sensor that produces noisy and blurry photos.,negative
Fails basic validation checks and crashes on edge cases.,negative
Extremely noisy fan that runs at full speed constantly.,negative
Worst customer onboarding I have ever encountered.,negative
The app drains 50% battery in 30 minutes in the background.,negative
Misleading return policy with hidden restocking fees.,negative
"Total garbage, does not even turn on right out of the box.",negative
Incompetent support team unable to answer basic questions.,negative
The scheduled server maintenance will take place this Sunday at 2 AM UTC.,neutral
Please refer to section 4.2 of the user manual for installation instructions.,neutral
The product dimensions are 15 cm by 20 cm and it weighs 350 grams.,neutral
Our quarterly earnings call is scheduled for next Tuesday at 9 AM EST.,neutral
The meeting has been rescheduled to tomorrow afternoon at 3 PM.,neutral
"This package contains the power adapter, USB-C cable, and warranty card.",neutral
The application runs on Python 3.10 and requires 4 GB of RAM.,neutral
All attendees must register before Friday to receive conference credentials.,neutral
The train departs from platform 3 at 10:45 AM daily.,neutral
"Your verification code is 482910, valid for the next 10 minutes.",neutral
The store is open from 9:00 AM to 8:00 PM Monday through Saturday.,neutral
The report summarizes user traffic statistics across all regions for Q3.,neutral
System backup completed in 4 minutes with zero errors recorded.,neutral
We have updated our privacy policy in compliance with new regulations.,neutral
The flight duration between New York and London is approximately seven hours.,neutral
Press the power button for 3 seconds to toggle device power.,neutral
The dataset contains 500 rows and 6 distinct columns.,neutral
Submissions will be reviewed by the editorial board within two weeks.,neutral
The firmware update version 2.4.1 is now available for download.,neutral
The webinar will be recorded and shared with all registered participants.,neutral
The device operates between temperatures of 0 and 40 degrees Celsius.,neutral
"To change your account password, navigate to the settings profile page.",neutral
The shipment has left the distribution warehouse and is in transit.,neutral
Database schema migration completed across all production nodes.,neutral
The conference will feature keynote speakers from various technology sectors.,neutral
The document has been exported to PDF format successfully.,neutral
Standard delivery typically takes between three to five business days.,neutral
The current temperature outside is 22 degrees Celsius with 45% humidity.,neutral
The API rate limit is set to 100 requests per minute per IP address.,neutral
The default installation directory is located in Program Files.,neutral
Please ensure all fields marked with an asterisk are filled out.,neutral
The warranty period is valid for 12 months from the date of purchase.,neutral
The system requires a restart for the changes to take effect.,neutral
Weekly newsletter subscriptions can be managed from your profile.,neutral
The cache has been cleared and the configuration reloaded.,neutral
The office will remain closed on national holidays.,neutral
Users can choose between light and dark display modes in preferences.,neutral
The battery level is currently at 65 percent.,neutral
The average response time across the API endpoints was 42 milliseconds.,neutral
The file has been saved to the designated local storage folder.,neutral
The team consists of five software engineers and two product designers.,neutral
Annual inventory audits are conducted every December.,neutral
"The payment gateway supports credit cards, debit cards, and wire transfers.",neutral
The lecture will cover chapters 5 and 6 of the textbook.,neutral
The new release notes have been published to the internal wiki.,neutral
The sensor logs temperature and pressure readings every 10 seconds.,neutral
Please verify your email address to activate your account.,neutral
The bus stops at central station every fifteen minutes.,neutral
The table lists all registered domains and their expiration dates.,neutral
Logs are archived daily and retained for thirty days.,neutral
The server is hosted in the US-East data center region.,neutral
You can download the PDF statement from your online banking portal.,neutral
The screen brightness can be adjusted using the function keys.,neutral
The project repository contains unit tests in the tests directory.,neutral
The presentation will start promptly at the scheduled time.,neutral
The system supports both IPv4 and IPv6 network protocols.,neutral
All visitors must sign in at the reception desk upon arrival.,neutral
The audio output can be toggled between headphones and internal speakers.,neutral
The total estimated reading time for this article is 5 minutes.,neutral
The package was delivered to the front porch at 2:15 PM.,neutral
The file upload size is limited to 25 megabytes per attachment.,neutral
Monthly recurring invoices are generated on the first of each month.,neutral
The documentation explains how to configure environment variables.,neutral
The system will perform an automated self-check during startup.,neutral
All submitted forms are processed in the order they are received.,neutral
The application was compiled with version 1.8 of the compiler.,neutral
The user list can be sorted alphabetically or by date created.,neutral
Please submit your time sheet before Friday at 5 PM.,neutral
The network speed test reported 150 Mbps download and 50 Mbps upload.,neutral
The index was successfully rebuilt across all clusters.,neutral
"Not bad at all, actually quite impressed with the results.",positive
"I cannot recommend this enough, exceptional quality!",positive
"Never disappointed with this brand, always delivers on time.",positive
Couldn't be happier with how smoothly the deployment went.,positive
"I have no complaints whatsoever, works flawlessly.",positive
Far better than any other option currently on the market.,positive
It wasn't expensive at all and works like a dream.,positive
Not a single issue after six months of daily use.,positive
"Can't find a single flaw with this design, well done!",positive
"Certainly not going back to the old version, this is superior.",positive
"This update definitely solved the previous slowdown, feels super snappy.",positive
Blown away by the sound clarity and deep bass response.,positive
Immensely grateful for the quick and thoughtful help from support.,positive
An absolute joy to use every single day.,positive
Spectacular view and excellent hospitality throughout our stay.,positive
The battery easily lasted through an entire 14-hour flight.,positive
Everything from packaging to performance screams top tier quality.,positive
Extremely pleased with how fast this renders complex scenes.,positive
The customer agent stayed on the call until my issue was 100% resolved.,positive
Incredibly slick interface and instantaneous response time.,positive
"I was hesitant at first, but it proved to be a brilliant investment.",positive
Truly revolutionary feature that saved our team countless hours.,positive
Silky smooth performance with zero frame drops or lag.,positive
"Gorgeous styling, comfortable fit, and premium materials.",positive
"Best purchase decision I've made all year, worth every cent.",positive
"Such a pleasant surprise, exceeded what I was expecting.",positive
"Lightweight, durable, and packed with useful features.",positive
"The documentation is thorough, easy to follow, and includes working examples.",positive
"Very intuitive navigation, even my non-tech-savvy parents had no trouble.",positive
"Unbeatable value for the price point, highly recommended.",positive
The team delivered the feature ahead of schedule and with zero bugs.,positive
Love the vibrant colors and crystal clear contrast on this display.,positive
"Fast, secure, and reliable - ticks every box for us.",positive
"Outstanding battery management, barely uses any power on idle.",positive
A stellar update that brings much-needed quality of life improvements.,positive
"Delicious food, friendly servers, and great music.",positive
The packaging was immaculate and protected the device perfectly.,positive
Everything works out of the box with zero configuration headache.,positive
Kudos to the developers for listening to user feedback so attentively.,positive
My productivity has doubled since switching to this tool.,positive
"Not good at all, completely failed on basic tasks.",negative
"Far from acceptable, broken right out of the box.",negative
"I wouldn't recommend this to anyone, waste of precious time.",negative
Nowhere near the quality shown in promotional videos.,negative
"Never buying from this seller again, total rip-off.",negative
Not worth the high price tag given the endless list of bugs.,negative
Could not get it to work despite following every troubleshooting step.,negative
Hardly any improvement over the previous broken version.,negative
Nothing worked as promised and customer service refused to refund.,negative
"Not what I expected, feels cheap and fragile.",negative
Constant network disconnects make this unusable for remote work.,negative
The app freezes every time I attempt to export my project.,negative
"Terrible battery degradation, lost 30% capacity in three months.",negative
Extremely loud fan noise that sounds like a jet engine.,negative
Rude support representative who ended the live chat abruptly.,negative
The latest update introduced more bugs than it actually fixed.,negative
"Flimsy construction, the plastic cracked after a minor bump.",negative
Painfully slow load times and frequent server timeout errors.,negative
Misleading subscription model with hidden recurring fees.,negative
"The food arrived cold, soggy, and thirty minutes late.",negative
Completely bricked my device after installing the recommended firmware.,negative
"Terrible camera focus in indoor lighting, everything turns out blurry.",negative
Support ignored my ticket for two weeks and then closed it without answering.,negative
Uncomfortable design that causes wrist fatigue within thirty minutes.,negative
Dreadful customer experience from start to finish.,negative
Lacks crucial settings that every competing application has by default.,negative
Random reboots during important meetings have ruined my workday.,negative
"Poor signal reception, calls drop constantly in urban areas.",negative
Cheap materials that emit a strong chemical odor.,negative
The touch screen is completely unresponsive along the bottom edge.,negative
Unacceptable latency making real-time collaboration impossible.,negative
The zipper jammed immediately on the first attempt to close it.,negative
"Broke down during our first production run, cost us thousands.",negative
"False marketing, the advertised battery life is an outright lie.",negative
Terrible audio quality with constant distortion at medium volume.,negative
The setup manual is illegible and missing crucial connection diagrams.,negative
Frequent data corruption when saving large files.,negative
The keyboard registers ghost inputs and keys randomly stick.,negative
Worst customer support interaction I have ever had.,negative
"Very disappointing durability, fell apart in less than a month.",negative
The warranty coverage can be extended through the manufacturer portal.,neutral
The device dimensions are 200 mm by 120 mm with a thickness of 8 mm.,neutral
Scheduled database maintenance is planned for the upcoming weekend.,neutral
The dataset has been partitioned into 80% training and 20% test splits.,neutral
Please keep your receipt as proof of purchase for warranty claims.,neutral
The annual company summit is taking place in Chicago next October.,neutral
Incoming requests are distributed across four regional server clusters.,neutral
"The software is compatible with Windows 10, Windows 11, and macOS.",neutral
You can toggle notifications on or off in the account settings menu.,neutral
The meeting minutes will be distributed via email by the end of the day.,neutral
The device utilizes Bluetooth 5.2 for wireless connectivity.,neutral
All attendees must check in at the reception desk to receive badges.,neutral
The API returns responses in standard JSON format with UTF-8 encoding.,neutral
The battery capacity is rated at 4500 mAh.,neutral
The invoice has been generated and sent to the billing department.,neutral
The library requires Python 3.9 or higher and NumPy 1.20+.,neutral
System logs are rotated every 24 hours and stored in compressed format.,neutral
The course syllabus outlines weekly reading assignments and project deadlines.,neutral
The office cafeteria operates from 11:30 AM to 2:30 PM on weekdays.,neutral
The file has been moved to the specified archive folder.,neutral
The default port for HTTP traffic is 80 and HTTPS is 443.,neutral
User permissions can be modified by workspace administrators.,neutral
The package was dispatched from the regional fulfillment center today.,neutral
The sensor takes measurements at 5-second intervals.,neutral
The user guide contains a glossary of technical terms in Appendix B.,neutral
The application supports multi-language localization for ten languages.,neutral
Your verification code has been dispatched to your mobile number.,neutral
The webinar link will become active 10 minutes prior to the start time.,neutral
The report analyzes regional sales trends over the past four quarters.,neutral
The maximum payload size for individual requests is 10 MB.,neutral
The bus leaves the terminal at twenty minutes past the hour.,neutral
The device enters sleep mode after ten minutes of inactivity.,neutral
The conference schedule includes four keynote presentations and ten workshops.,neutral
Data is encrypted in transit using TLS 1.3 protocol standards.,neutral
The office will resume normal business operations next Monday.,neutral
The system status dashboard displays current cluster uptime metrics.,neutral
Users may export their account data in CSV or JSON format.,neutral
The training session will be conducted via video conference.,neutral
The temperature sensor reports values in degrees Celsius.,neutral
Please verify your account information before proceeding to the next step.,neutral
